{
  "project_info": {
    "project_number": "64009758431",
    "project_id": "project-5583509946276854443",
    "storage_bucket": "project-5583509946276854443.appspot.com"
  },
  "client": [
    {
      "client_info": {
        "mobilesdk_app_id": "1:64009758431:android:be36cd314d0392b06aab6a",
        "android_client_info": {
          "package_name": "com.my.notebook.myapplication"
        }
      },
      "oauth_client": [
        {
          "client_id": "64009758431-ob6ah7v5ds10giksgnm01osj8nd6b28q.apps.googleusercontent.com",
          "client_type": 3
        }
      ],
      "api_key": [
        {
          "current_key": "AIzaSyBOA26aa1dZ8u3W40kAW5rQAyDa2TeoROE"
        }
      ],
      "services": {
        "appinvite_service": {
          "other_platform_oauth_client": [
            {
              "client_id": "64009758431-ob6ah7v5ds10giksgnm01osj8nd6b28q.apps.googleusercontent.com",
              "client_type": 3
            }
          ]
        }
      }
    }
  ],
  "configuration_version": "1"
}