{
  "project_info": {
    "project_number": "240269640503",
    "project_id": "sp-ya358f-app",
    "storage_bucket": "sp-ya358f-app.appspot.com"
  },
  "client": [
    {
      "client_info": {
        "mobilesdk_app_id": "1:240269640503:android:e2f6043febe080aec9d0b2",
        "android_client_info": {
          "package_name": "com.my.notebook.myapplication"
        }
      },
      "oauth_client": [
        {
          "client_id": "240269640503-ett41nki2eeiejp9ig4mju0g2220l15i.apps.googleusercontent.com",
          "client_type": 3
        }
      ],
      "api_key": [
        {
          "current_key": "AIzaSyBSydJm66bu5HF4Wr6JBOwfoXerhxJMUnA"
        }
      ],
      "services": {
        "appinvite_service": {
          "other_platform_oauth_client": [
            {
              "client_id": "240269640503-ett41nki2eeiejp9ig4mju0g2220l15i.apps.googleusercontent.com",
              "client_type": 3
            }
          ]
        }
      }
    }
  ],
  "configuration_version": "1"
}